url,google_coverage_state,verdict,last_crawl_utc,inspected_at_utc,live_http,live_canonical,google_selected_canonical
"https://lecturesift.com/","Submitted and indexed","PASS","2026-10-01T18:09:40+00:00","2026-10-08T21:45:52.878985+00:00","","","NOT_EXPOSED_BY_GSC_WIZARD"
"https://lecturesift.com/features","Submitted and indexed","PASS","2026-09-30T07:43:26+00:00","2026-10-08T21:46:44.032778+00:00","","","NOT_EXPOSED_BY_GSC_WIZARD"
"https://lecturesift.com/document-summary","Submitted and indexed","PASS","2026-10-05T12:38:26+00:00","2026-10-08T21:46:17.614939+00:00","","","NOT_EXPOSED_BY_GSC_WIZARD"
"https://lecturesift.com/lecture-video-summary","Submitted and indexed","PASS","2026-10-01T09:19:39+00:00","2026-10-08T21:46:17.723948+00:00","","","NOT_EXPOSED_BY_GSC_WIZARD"
"https://lecturesift.com/quiz-flashcards","Alternate page with proper canonical tag","NEUTRAL","2026-08-29T21:42:44+00:00","2026-10-08T21:51:23.260946+00:00","200","https://lecturesift.com/quiz-flashcards","NOT_EXPOSED_BY_GSC_WIZARD"
"https://lecturesift.com/plans","Submitted and indexed","PASS","2026-10-08T16:05:15+00:00","2026-10-08T21:57:21.07237+00:00","","","NOT_EXPOSED_BY_GSC_WIZARD"
"https://lecturesift.com/about","Submitted and indexed","PASS","2026-10-05T04:58:24+00:00","2026-10-08T21:57:21.209329+00:00","","","NOT_EXPOSED_BY_GSC_WIZARD"
"https://lecturesift.com/contact","Submitted and indexed","PASS","2026-10-07T05:39:57+00:00","2026-10-08T21:57:20.956212+00:00","","","NOT_EXPOSED_BY_GSC_WIZARD"
"https://lecturesift.com/privacy","Submitted and indexed","PASS","2026-10-05T09:17:15+00:00","2026-10-08T21:57:21.178525+00:00","","","NOT_EXPOSED_BY_GSC_WIZARD"
"https://lecturesift.com/terms","Submitted and indexed","PASS","2026-10-06T17:15:04+00:00","2026-10-08T21:57:21.176913+00:00","","","NOT_EXPOSED_BY_GSC_WIZARD"
"https://lecturesift.com/distance-sales","Submitted and indexed","PASS","2026-09-12T22:43:27+00:00","2026-10-08T21:57:27.590148+00:00","","","NOT_EXPOSED_BY_GSC_WIZARD"
"https://lecturesift.com/cookies","Submitted and indexed","PASS","2026-09-11T17:13:09+00:00","2026-10-08T21:57:27.921448+00:00","","","NOT_EXPOSED_BY_GSC_WIZARD"
"https://lecturesift.com/refund","Submitted and indexed","PASS","2026-09-15T08:20:53+00:00","2026-10-08T21:57:27.677631+00:00","","","NOT_EXPOSED_BY_GSC_WIZARD"
"https://lecturesift.com/en/","Submitted and indexed","PASS","2026-09-07T05:18:31+00:00","2026-10-08T21:46:17.686123+00:00","","","NOT_EXPOSED_BY_GSC_WIZARD"
"https://lecturesift.com/en/features","Submitted and indexed","PASS","2026-09-19T17:14:51+00:00","2026-10-08T21:47:40.270174+00:00","","","NOT_EXPOSED_BY_GSC_WIZARD"
"https://lecturesift.com/en/document-summary","Submitted and indexed","PASS","2026-09-28T04:57:51+00:00","2026-10-08T21:46:17.743378+00:00","","","NOT_EXPOSED_BY_GSC_WIZARD"
"https://lecturesift.com/en/lecture-video-summary","URL is unknown to Google","NEUTRAL","","2026-10-08T21:46:17.670739+00:00","200","https://lecturesift.com/en/lecture-video-summary","NOT_EXPOSED_BY_GSC_WIZARD"
"https://lecturesift.com/en/quiz-flashcards","URL is unknown to Google","NEUTRAL","","2026-10-08T21:46:24.375133+00:00","200","https://lecturesift.com/en/quiz-flashcards","NOT_EXPOSED_BY_GSC_WIZARD"
"https://lecturesift.com/en/plans","Submitted and indexed","PASS","2026-09-28T03:43:10+00:00","2026-10-08T21:57:27.853326+00:00","","","NOT_EXPOSED_BY_GSC_WIZARD"
"https://lecturesift.com/en/about","URL is unknown to Google","NEUTRAL","","2026-10-08T21:57:27.848427+00:00","200","https://lecturesift.com/en/about","NOT_EXPOSED_BY_GSC_WIZARD"
"https://lecturesift.com/en/contact","Submitted and indexed","PASS","2026-09-29T08:08:51+00:00","2026-10-08T21:57:34.141617+00:00","","","NOT_EXPOSED_BY_GSC_WIZARD"
"https://lecturesift.com/en/privacy","Submitted and indexed","PASS","2026-09-29T23:35:19+00:00","2026-10-08T21:57:34.313857+00:00","","","NOT_EXPOSED_BY_GSC_WIZARD"
"https://lecturesift.com/en/terms","Submitted and indexed","PASS","2026-10-01T17:17:13+00:00","2026-10-08T21:57:34.56324+00:00","","","NOT_EXPOSED_BY_GSC_WIZARD"
"https://lecturesift.com/en/distance-sales","Discovered - currently not indexed","NEUTRAL","","2026-10-08T21:57:34.396208+00:00","200","https://lecturesift.com/en/distance-sales","NOT_EXPOSED_BY_GSC_WIZARD"
"https://lecturesift.com/en/cookies","Submitted and indexed","PASS","2026-10-04T00:09:24+00:00","2026-10-08T21:57:34.548005+00:00","","","NOT_EXPOSED_BY_GSC_WIZARD"
"https://lecturesift.com/en/refund","Submitted and indexed","PASS","2026-09-29T03:02:08+00:00","2026-10-08T21:57:40.746809+00:00","","","NOT_EXPOSED_BY_GSC_WIZARD"
"https://lecturesift.com/de/","Submitted and indexed","PASS","2026-09-19T23:27:03+00:00","2026-10-08T21:57:41.0178+00:00","","","NOT_EXPOSED_BY_GSC_WIZARD"
"https://lecturesift.com/de/features","URL is unknown to Google","NEUTRAL","","2026-10-08T21:57:41.025127+00:00","200","https://lecturesift.com/de/features","NOT_EXPOSED_BY_GSC_WIZARD"
"https://lecturesift.com/de/document-summary","Submitted and indexed","PASS","2026-10-05T20:53:26+00:00","2026-10-08T21:57:41.103514+00:00","","","NOT_EXPOSED_BY_GSC_WIZARD"
"https://lecturesift.com/de/lecture-video-summary","Submitted and indexed","PASS","2026-09-11T06:13:55+00:00","2026-10-08T21:57:41.22661+00:00","","","NOT_EXPOSED_BY_GSC_WIZARD"
"https://lecturesift.com/de/quiz-flashcards","Submitted and indexed","PASS","2026-10-02T01:56:25+00:00","2026-10-08T21:57:47.39831+00:00","","","NOT_EXPOSED_BY_GSC_WIZARD"
"https://lecturesift.com/de/plans","Submitted and indexed","PASS","2026-09-11T13:18:40+00:00","2026-10-08T21:57:47.719153+00:00","","","NOT_EXPOSED_BY_GSC_WIZARD"
"https://lecturesift.com/de/about","Submitted and indexed","PASS","2026-10-06T02:40:37+00:00","2026-10-08T21:57:47.664862+00:00","","","NOT_EXPOSED_BY_GSC_WIZARD"
"https://lecturesift.com/de/contact","Submitted and indexed","PASS","2026-10-01T01:06:18+00:00","2026-10-08T21:57:47.729154+00:00","","","NOT_EXPOSED_BY_GSC_WIZARD"
"https://lecturesift.com/de/privacy","Submitted and indexed","PASS","2026-09-30T08:03:37+00:00","2026-10-08T21:57:47.807603+00:00","","","NOT_EXPOSED_BY_GSC_WIZARD"
"https://lecturesift.com/de/terms","Submitted and indexed","PASS","2026-09-27T03:45:09+00:00","2026-10-08T21:58:17.113003+00:00","","","NOT_EXPOSED_BY_GSC_WIZARD"
"https://lecturesift.com/de/distance-sales","Submitted and indexed","PASS","2026-10-04T07:32:21+00:00","2026-10-08T21:58:17.328862+00:00","","","NOT_EXPOSED_BY_GSC_WIZARD"
"https://lecturesift.com/de/cookies","Submitted and indexed","PASS","2026-09-30T07:38:22+00:00","2026-10-08T21:58:17.248889+00:00","","","NOT_EXPOSED_BY_GSC_WIZARD"
"https://lecturesift.com/de/refund","Submitted and indexed","PASS","2026-10-04T11:14:28+00:00","2026-10-08T21:58:17.31101+00:00","","","NOT_EXPOSED_BY_GSC_WIZARD"
"https://lecturesift.com/fr/","Submitted and indexed","PASS","2026-09-11T12:15:26+00:00","2026-10-08T21:58:17.393345+00:00","","","NOT_EXPOSED_BY_GSC_WIZARD"
"https://lecturesift.com/fr/features","URL is unknown to Google","NEUTRAL","","2026-10-08T21:58:23.680646+00:00","200","https://lecturesift.com/fr/features","NOT_EXPOSED_BY_GSC_WIZARD"
"https://lecturesift.com/fr/document-summary","Submitted and indexed","PASS","2026-09-11T11:38:41+00:00","2026-10-08T21:58:23.937378+00:00","","","NOT_EXPOSED_BY_GSC_WIZARD"
"https://lecturesift.com/fr/lecture-video-summary","Submitted and indexed","PASS","2026-10-05T09:10:39+00:00","2026-10-08T21:58:24.046711+00:00","","","NOT_EXPOSED_BY_GSC_WIZARD"
"https://lecturesift.com/fr/quiz-flashcards","Submitted and indexed","PASS","2026-09-30T07:43:29+00:00","2026-10-08T21:58:23.923293+00:00","","","NOT_EXPOSED_BY_GSC_WIZARD"
"https://lecturesift.com/fr/plans","URL is unknown to Google","NEUTRAL","","2026-10-08T21:58:24.067782+00:00","200","https://lecturesift.com/fr/plans","NOT_EXPOSED_BY_GSC_WIZARD"
"https://lecturesift.com/fr/about","Submitted and indexed","PASS","2026-09-29T22:54:07+00:00","2026-10-08T21:58:30.249214+00:00","","","NOT_EXPOSED_BY_GSC_WIZARD"
"https://lecturesift.com/fr/contact","Discovered - currently not indexed","NEUTRAL","","2026-10-08T21:58:30.608246+00:00","200","https://lecturesift.com/fr/contact","NOT_EXPOSED_BY_GSC_WIZARD"
"https://lecturesift.com/fr/privacy","Submitted and indexed","PASS","2026-10-01T16:35:17+00:00","2026-10-08T21:58:30.655584+00:00","","","NOT_EXPOSED_BY_GSC_WIZARD"
"https://lecturesift.com/fr/terms","Submitted and indexed","PASS","2026-09-30T18:17:24+00:00","2026-10-08T21:58:30.630189+00:00","","","NOT_EXPOSED_BY_GSC_WIZARD"
"https://lecturesift.com/fr/distance-sales","Submitted and indexed","PASS","2026-10-01T16:05:37+00:00","2026-10-08T21:58:30.746838+00:00","","","NOT_EXPOSED_BY_GSC_WIZARD"
"https://lecturesift.com/fr/cookies","Submitted and indexed","PASS","2026-09-30T09:21:20+00:00","2026-10-08T21:58:36.968018+00:00","","","NOT_EXPOSED_BY_GSC_WIZARD"
"https://lecturesift.com/fr/refund","Submitted and indexed","PASS","2026-10-01T10:33:43+00:00","2026-10-08T21:58:37.318967+00:00","","","NOT_EXPOSED_BY_GSC_WIZARD"
"https://lecturesift.com/es/","Submitted and indexed","PASS","2026-09-16T15:39:41+00:00","2026-10-08T21:58:37.336601+00:00","","","NOT_EXPOSED_BY_GSC_WIZARD"
"https://lecturesift.com/es/features","Submitted and indexed","PASS","2026-10-03T20:37:02+00:00","2026-10-08T21:58:37.298514+00:00","","","NOT_EXPOSED_BY_GSC_WIZARD"
"https://lecturesift.com/es/document-summary","URL is unknown to Google","NEUTRAL","","2026-10-08T21:58:37.422773+00:00","200","https://lecturesift.com/es/document-summary","NOT_EXPOSED_BY_GSC_WIZARD"
"https://lecturesift.com/es/lecture-video-summary","Submitted and indexed","PASS","2026-09-30T23:35:15+00:00","2026-10-08T21:58:43.474626+00:00","","","NOT_EXPOSED_BY_GSC_WIZARD"
"https://lecturesift.com/es/quiz-flashcards","URL is unknown to Google","NEUTRAL","","2026-10-08T21:58:43.968524+00:00","200","https://lecturesift.com/es/quiz-flashcards","NOT_EXPOSED_BY_GSC_WIZARD"
"https://lecturesift.com/es/plans","Submitted and indexed","PASS","2026-09-23T22:25:03+00:00","2026-10-08T21:58:43.942365+00:00","","","NOT_EXPOSED_BY_GSC_WIZARD"
"https://lecturesift.com/es/about","Submitted and indexed","PASS","2026-10-01T16:23:03+00:00","2026-10-08T21:58:43.965748+00:00","","","NOT_EXPOSED_BY_GSC_WIZARD"
"https://lecturesift.com/es/contact","URL is unknown to Google","NEUTRAL","","2026-10-08T21:58:44.030236+00:00","200","https://lecturesift.com/es/contact","NOT_EXPOSED_BY_GSC_WIZARD"
"https://lecturesift.com/es/privacy","Submitted and indexed","PASS","2026-10-01T09:54:42+00:00","2026-10-08T21:58:51.440544+00:00","","","NOT_EXPOSED_BY_GSC_WIZARD"
"https://lecturesift.com/es/terms","Submitted and indexed","PASS","2026-10-01T16:59:09+00:00","2026-10-08T21:58:51.336403+00:00","","","NOT_EXPOSED_BY_GSC_WIZARD"
"https://lecturesift.com/es/distance-sales","Submitted and indexed","PASS","2026-10-08T18:03:41+00:00","2026-10-08T21:58:51.537983+00:00","","","NOT_EXPOSED_BY_GSC_WIZARD"
"https://lecturesift.com/es/cookies","Submitted and indexed","PASS","2026-09-30T14:42:40+00:00","2026-10-08T21:58:51.489728+00:00","","","NOT_EXPOSED_BY_GSC_WIZARD"
"https://lecturesift.com/es/refund","Discovered - currently not indexed","NEUTRAL","","2026-10-08T21:58:51.565449+00:00","200","https://lecturesift.com/es/refund","NOT_EXPOSED_BY_GSC_WIZARD"
"https://lecturesift.com/it/","Submitted and indexed","PASS","2026-09-15T18:07:23+00:00","2026-10-08T21:58:57.824733+00:00","","","NOT_EXPOSED_BY_GSC_WIZARD"
"https://lecturesift.com/it/features","Submitted and indexed","PASS","2026-09-21T20:03:07+00:00","2026-10-08T21:58:58.065889+00:00","","","NOT_EXPOSED_BY_GSC_WIZARD"
"https://lecturesift.com/it/document-summary","Submitted and indexed","PASS","2026-10-06T22:17:11+00:00","2026-10-08T21:58:58.138115+00:00","","","NOT_EXPOSED_BY_GSC_WIZARD"
"https://lecturesift.com/it/lecture-video-summary","Submitted and indexed","PASS","2026-10-01T05:49:34+00:00","2026-10-08T21:58:58.188925+00:00","","","NOT_EXPOSED_BY_GSC_WIZARD"
"https://lecturesift.com/it/quiz-flashcards","Discovered - currently not indexed","NEUTRAL","","2026-10-08T21:58:58.220095+00:00","200","https://lecturesift.com/it/quiz-flashcards","NOT_EXPOSED_BY_GSC_WIZARD"
"https://lecturesift.com/it/plans","Submitted and indexed","PASS","2026-10-01T01:12:39+00:00","2026-10-08T21:59:04.457487+00:00","","","NOT_EXPOSED_BY_GSC_WIZARD"
"https://lecturesift.com/it/about","Submitted and indexed","PASS","2026-10-04T00:17:45+00:00","2026-10-08T21:59:04.596337+00:00","","","NOT_EXPOSED_BY_GSC_WIZARD"
"https://lecturesift.com/it/contact","URL is unknown to Google","NEUTRAL","","2026-10-08T21:59:04.692199+00:00","200","https://lecturesift.com/it/contact","NOT_EXPOSED_BY_GSC_WIZARD"
"https://lecturesift.com/it/privacy","Submitted and indexed","PASS","2026-09-29T22:59:15+00:00","2026-10-08T21:59:04.778294+00:00","","","NOT_EXPOSED_BY_GSC_WIZARD"
"https://lecturesift.com/it/terms","Submitted and indexed","PASS","2026-10-04T08:49:18+00:00","2026-10-08T21:59:04.808857+00:00","","","NOT_EXPOSED_BY_GSC_WIZARD"
"https://lecturesift.com/it/distance-sales","Submitted and indexed","PASS","2026-09-16T11:25:10+00:00","2026-10-08T21:59:10.98745+00:00","","","NOT_EXPOSED_BY_GSC_WIZARD"
"https://lecturesift.com/it/cookies","Submitted and indexed","PASS","2026-09-20T18:17:11+00:00","2026-10-08T21:59:11.235016+00:00","","","NOT_EXPOSED_BY_GSC_WIZARD"
"https://lecturesift.com/it/refund","Submitted and indexed","PASS","2026-10-01T23:41:45+00:00","2026-10-08T21:59:11.369122+00:00","","","NOT_EXPOSED_BY_GSC_WIZARD"
"https://lecturesift.com/pt/","Submitted and indexed","PASS","2026-09-27T19:01:48+00:00","2026-10-08T21:59:11.398071+00:00","","","NOT_EXPOSED_BY_GSC_WIZARD"
"https://lecturesift.com/pt/features","Submitted and indexed","PASS","2026-10-05T10:31:18+00:00","2026-10-08T21:59:11.394054+00:00","","","NOT_EXPOSED_BY_GSC_WIZARD"
"https://lecturesift.com/pt/document-summary","Submitted and indexed","PASS","2026-09-11T05:43:12+00:00","2026-10-08T21:59:17.767041+00:00","","","NOT_EXPOSED_BY_GSC_WIZARD"
"https://lecturesift.com/pt/lecture-video-summary","URL is unknown to Google","NEUTRAL","","2026-10-08T21:59:17.842331+00:00","200","https://lecturesift.com/pt/lecture-video-summary","NOT_EXPOSED_BY_GSC_WIZARD"
"https://lecturesift.com/pt/quiz-flashcards","Alternate page with proper canonical tag","NEUTRAL","2026-08-30T06:07:56+00:00","2026-10-08T21:59:20.916634+00:00","200","https://lecturesift.com/pt/quiz-flashcards","NOT_EXPOSED_BY_GSC_WIZARD"
"https://lecturesift.com/pt/plans","Submitted and indexed","PASS","2026-10-05T02:55:23+00:00","2026-10-08T21:59:17.942642+00:00","","","NOT_EXPOSED_BY_GSC_WIZARD"
"https://lecturesift.com/pt/about","Submitted and indexed","PASS","2026-10-06T01:50:00+00:00","2026-10-08T21:59:18.048279+00:00","","","NOT_EXPOSED_BY_GSC_WIZARD"
"https://lecturesift.com/pt/contact","Alternate page with proper canonical tag","NEUTRAL","2026-08-30T02:03:58+00:00","2026-10-08T21:59:28.416543+00:00","200","https://lecturesift.com/pt/contact","NOT_EXPOSED_BY_GSC_WIZARD"
"https://lecturesift.com/pt/privacy","Submitted and indexed","PASS","2026-09-16T11:18:50+00:00","2026-10-08T21:59:28.196701+00:00","","","NOT_EXPOSED_BY_GSC_WIZARD"
"https://lecturesift.com/pt/terms","Submitted and indexed","PASS","2026-10-06T02:37:13+00:00","2026-10-08T21:59:28.211442+00:00","","","NOT_EXPOSED_BY_GSC_WIZARD"
"https://lecturesift.com/pt/distance-sales","Submitted and indexed","PASS","2026-10-01T06:34:47+00:00","2026-10-08T21:59:28.430195+00:00","","","NOT_EXPOSED_BY_GSC_WIZARD"
"https://lecturesift.com/pt/cookies","Submitted and indexed","PASS","2026-10-01T20:56:20+00:00","2026-10-08T21:59:28.31446+00:00","","","NOT_EXPOSED_BY_GSC_WIZARD"
"https://lecturesift.com/pt/refund","Submitted and indexed","PASS","2026-10-01T16:56:48+00:00","2026-10-08T21:59:34.843768+00:00","","","NOT_EXPOSED_BY_GSC_WIZARD"
"https://lecturesift.com/ru/","Submitted and indexed","PASS","2026-09-29T21:30:47+00:00","2026-10-08T21:59:34.752697+00:00","","","NOT_EXPOSED_BY_GSC_WIZARD"
"https://lecturesift.com/ru/features","Discovered - currently not indexed","NEUTRAL","","2026-10-08T21:59:34.86613+00:00","200","https://lecturesift.com/ru/features","NOT_EXPOSED_BY_GSC_WIZARD"
"https://lecturesift.com/ru/document-summary","Submitted and indexed","PASS","2026-09-11T03:42:46+00:00","2026-10-08T21:59:34.999655+00:00","","","NOT_EXPOSED_BY_GSC_WIZARD"
"https://lecturesift.com/ru/lecture-video-summary","Submitted and indexed","PASS","2026-10-05T09:37:52+00:00","2026-10-08T21:59:35.099714+00:00","","","NOT_EXPOSED_BY_GSC_WIZARD"
"https://lecturesift.com/ru/quiz-flashcards","Submitted and indexed","PASS","2026-09-30T23:58:52+00:00","2026-10-08T21:59:41.321524+00:00","","","NOT_EXPOSED_BY_GSC_WIZARD"
"https://lecturesift.com/ru/plans","URL is unknown to Google","NEUTRAL","","2026-10-08T21:59:41.537043+00:00","200","https://lecturesift.com/ru/plans","NOT_EXPOSED_BY_GSC_WIZARD"
"https://lecturesift.com/ru/about","Submitted and indexed","PASS","2026-09-23T01:09:31+00:00","2026-10-08T21:59:41.403037+00:00","","","NOT_EXPOSED_BY_GSC_WIZARD"
"https://lecturesift.com/ru/contact","Submitted and indexed","PASS","2026-09-10T04:27:37+00:00","2026-10-08T21:59:41.650969+00:00","","","NOT_EXPOSED_BY_GSC_WIZARD"
"https://lecturesift.com/ru/privacy","Submitted and indexed","PASS","2026-10-07T22:40:31+00:00","2026-10-08T21:59:41.69226+00:00","","","NOT_EXPOSED_BY_GSC_WIZARD"
"https://lecturesift.com/ru/terms","Submitted and indexed","PASS","2026-10-04T04:03:58+00:00","2026-10-08T21:59:48.014752+00:00","","","NOT_EXPOSED_BY_GSC_WIZARD"
"https://lecturesift.com/ru/distance-sales","Submitted and indexed","PASS","2026-09-18T03:58:05+00:00","2026-10-08T21:59:47.950429+00:00","","","NOT_EXPOSED_BY_GSC_WIZARD"
"https://lecturesift.com/ru/cookies","Submitted and indexed","PASS","2026-09-17T01:49:56+00:00","2026-10-08T21:59:48.158813+00:00","","","NOT_EXPOSED_BY_GSC_WIZARD"
"https://lecturesift.com/ru/refund","Submitted and indexed","PASS","2026-09-29T17:19:31+00:00","2026-10-08T21:59:48.234074+00:00","","","NOT_EXPOSED_BY_GSC_WIZARD"
"https://lecturesift.com/ar/","Submitted and indexed","PASS","2026-08-29T23:44:00+00:00","2026-10-08T21:59:48.195391+00:00","","","NOT_EXPOSED_BY_GSC_WIZARD"
"https://lecturesift.com/ar/features","Submitted and indexed","PASS","2026-09-19T12:50:05+00:00","2026-10-08T21:59:54.575016+00:00","","","NOT_EXPOSED_BY_GSC_WIZARD"
"https://lecturesift.com/ar/document-summary","URL is unknown to Google","NEUTRAL","","2026-10-08T21:59:54.563532+00:00","200","https://lecturesift.com/ar/document-summary","NOT_EXPOSED_BY_GSC_WIZARD"
"https://lecturesift.com/ar/lecture-video-summary","Submitted and indexed","PASS","2026-09-14T13:41:56+00:00","2026-10-08T21:59:54.790588+00:00","","","NOT_EXPOSED_BY_GSC_WIZARD"
"https://lecturesift.com/ar/quiz-flashcards","Discovered - currently not indexed","NEUTRAL","","2026-10-08T21:59:54.806947+00:00","200","https://lecturesift.com/ar/quiz-flashcards","NOT_EXPOSED_BY_GSC_WIZARD"
"https://lecturesift.com/ar/plans","Submitted and indexed","PASS","2026-09-13T11:51:15+00:00","2026-10-08T21:59:54.874353+00:00","","","NOT_EXPOSED_BY_GSC_WIZARD"
"https://lecturesift.com/ar/about","Submitted and indexed","PASS","2026-09-13T10:48:46+00:00","2026-10-08T22:00:02.373135+00:00","","","NOT_EXPOSED_BY_GSC_WIZARD"
"https://lecturesift.com/ar/contact","URL is unknown to Google","NEUTRAL","","2026-10-08T22:00:02.370467+00:00","200","https://lecturesift.com/ar/contact","NOT_EXPOSED_BY_GSC_WIZARD"
"https://lecturesift.com/ar/privacy","Submitted and indexed","PASS","2026-09-10T22:00:09+00:00","2026-10-08T22:00:02.567115+00:00","","","NOT_EXPOSED_BY_GSC_WIZARD"
"https://lecturesift.com/ar/terms","Submitted and indexed","PASS","2026-09-13T01:41:26+00:00","2026-10-08T22:00:02.422109+00:00","","","NOT_EXPOSED_BY_GSC_WIZARD"
"https://lecturesift.com/ar/distance-sales","Submitted and indexed","PASS","2026-09-10T22:27:18+00:00","2026-10-08T22:00:02.332258+00:00","","","NOT_EXPOSED_BY_GSC_WIZARD"
"https://lecturesift.com/ar/cookies","Submitted and indexed","PASS","2026-09-12T08:03:13+00:00","2026-10-08T22:00:09.331451+00:00","","","NOT_EXPOSED_BY_GSC_WIZARD"
"https://lecturesift.com/ar/refund","Submitted and indexed","PASS","2026-09-11T17:27:54+00:00","2026-10-08T22:00:09.339568+00:00","","","NOT_EXPOSED_BY_GSC_WIZARD"
"https://lecturesift.com/zh/","Submitted and indexed","PASS","2026-09-15T04:38:45+00:00","2026-10-08T22:00:09.510156+00:00","","","NOT_EXPOSED_BY_GSC_WIZARD"
"https://lecturesift.com/zh/features","URL is unknown to Google","NEUTRAL","","2026-10-08T22:00:09.267406+00:00","200","https://lecturesift.com/zh/features","NOT_EXPOSED_BY_GSC_WIZARD"
"https://lecturesift.com/zh/document-summary","Submitted and indexed","PASS","2026-10-01T15:56:24+00:00","2026-10-08T22:00:09.442801+00:00","","","NOT_EXPOSED_BY_GSC_WIZARD"
"https://lecturesift.com/zh/lecture-video-summary","Submitted and indexed","PASS","2026-09-30T18:31:43+00:00","2026-10-08T22:00:15.970167+00:00","","","NOT_EXPOSED_BY_GSC_WIZARD"
"https://lecturesift.com/zh/quiz-flashcards","Submitted and indexed","PASS","2026-10-01T02:40:09+00:00","2026-10-08T22:00:16.052153+00:00","","","NOT_EXPOSED_BY_GSC_WIZARD"
"https://lecturesift.com/zh/plans","Submitted and indexed","PASS","2026-09-23T18:47:21+00:00","2026-10-08T22:00:16.151134+00:00","","","NOT_EXPOSED_BY_GSC_WIZARD"
"https://lecturesift.com/zh/about","Submitted and indexed","PASS","2026-10-08T20:31:02+00:00","2026-10-08T22:00:16.153056+00:00","","","NOT_EXPOSED_BY_GSC_WIZARD"
"https://lecturesift.com/zh/contact","Submitted and indexed","PASS","2026-09-29T19:55:32+00:00","2026-10-08T22:00:16.140741+00:00","","","NOT_EXPOSED_BY_GSC_WIZARD"
"https://lecturesift.com/zh/privacy","Submitted and indexed","PASS","2026-09-14T04:19:48+00:00","2026-10-08T22:00:23.025618+00:00","","","NOT_EXPOSED_BY_GSC_WIZARD"
"https://lecturesift.com/zh/terms","Submitted and indexed","PASS","2026-09-30T03:34:38+00:00","2026-10-08T22:00:22.623332+00:00","","","NOT_EXPOSED_BY_GSC_WIZARD"
"https://lecturesift.com/zh/distance-sales","Submitted and indexed","PASS","2026-09-17T08:56:33+00:00","2026-10-08T22:00:22.758289+00:00","","","NOT_EXPOSED_BY_GSC_WIZARD"
"https://lecturesift.com/zh/cookies","Submitted and indexed","PASS","2026-09-30T11:02:34+00:00","2026-10-08T22:00:22.771431+00:00","","","NOT_EXPOSED_BY_GSC_WIZARD"
"https://lecturesift.com/zh/refund","Submitted and indexed","PASS","2026-10-05T05:05:42+00:00","2026-10-08T22:00:22.822688+00:00","","","NOT_EXPOSED_BY_GSC_WIZARD"
"https://lecturesift.com/ja/","Submitted and indexed","PASS","2026-10-08T21:18:31+00:00","2026-10-08T22:00:29.251812+00:00","","","NOT_EXPOSED_BY_GSC_WIZARD"
"https://lecturesift.com/ja/features","Submitted and indexed","PASS","2026-10-04T18:19:37+00:00","2026-10-08T22:00:29.384614+00:00","","","NOT_EXPOSED_BY_GSC_WIZARD"
"https://lecturesift.com/ja/document-summary","URL is unknown to Google","NEUTRAL","","2026-10-08T22:00:29.419761+00:00","200","https://lecturesift.com/ja/document-summary","NOT_EXPOSED_BY_GSC_WIZARD"
"https://lecturesift.com/ja/lecture-video-summary","Submitted and indexed","PASS","2026-09-14T07:10:56+00:00","2026-10-08T22:00:29.443727+00:00","","","NOT_EXPOSED_BY_GSC_WIZARD"
"https://lecturesift.com/ja/quiz-flashcards","Submitted and indexed","PASS","2026-09-30T10:03:25+00:00","2026-10-08T22:00:29.666295+00:00","","","NOT_EXPOSED_BY_GSC_WIZARD"
"https://lecturesift.com/ja/plans","URL is unknown to Google","NEUTRAL","","2026-10-08T22:00:37.202817+00:00","200","https://lecturesift.com/ja/plans","NOT_EXPOSED_BY_GSC_WIZARD"
"https://lecturesift.com/ja/about","Submitted and indexed","PASS","2026-10-05T21:38:49+00:00","2026-10-08T22:00:37.17812+00:00","","","NOT_EXPOSED_BY_GSC_WIZARD"
"https://lecturesift.com/ja/contact","URL is unknown to Google","NEUTRAL","","2026-10-08T22:00:37.127696+00:00","200","https://lecturesift.com/ja/contact","NOT_EXPOSED_BY_GSC_WIZARD"
"https://lecturesift.com/ja/privacy","Submitted and indexed","PASS","2026-10-01T16:29:46+00:00","2026-10-08T22:00:37.349909+00:00","","","NOT_EXPOSED_BY_GSC_WIZARD"
"https://lecturesift.com/ja/terms","Submitted and indexed","PASS","2026-09-15T11:58:08+00:00","2026-10-08T22:00:37.345719+00:00","","","NOT_EXPOSED_BY_GSC_WIZARD"
"https://lecturesift.com/ja/distance-sales","Submitted and indexed","PASS","2026-10-05T14:52:50+00:00","2026-10-08T22:00:43.800539+00:00","","","NOT_EXPOSED_BY_GSC_WIZARD"
"https://lecturesift.com/ja/cookies","Submitted and indexed","PASS","2026-09-29T06:56:40+00:00","2026-10-08T22:00:43.820464+00:00","","","NOT_EXPOSED_BY_GSC_WIZARD"
"https://lecturesift.com/ja/refund","Submitted and indexed","PASS","2026-10-01T10:34:42+00:00","2026-10-08T22:00:43.955993+00:00","","","NOT_EXPOSED_BY_GSC_WIZARD"
"https://lecturesift.com/ko/","Submitted and indexed","PASS","2026-08-29T21:28:17+00:00","2026-10-08T22:00:43.976825+00:00","","","NOT_EXPOSED_BY_GSC_WIZARD"
"https://lecturesift.com/ko/features","Submitted and indexed","PASS","2026-10-04T23:06:58+00:00","2026-10-08T22:00:44.023643+00:00","","","NOT_EXPOSED_BY_GSC_WIZARD"
"https://lecturesift.com/ko/document-summary","Submitted and indexed","PASS","2026-09-28T07:02:56+00:00","2026-10-08T22:00:50.512735+00:00","","","NOT_EXPOSED_BY_GSC_WIZARD"
"https://lecturesift.com/ko/lecture-video-summary","Submitted and indexed","PASS","2026-10-05T08:20:02+00:00","2026-10-08T22:00:50.499583+00:00","","","NOT_EXPOSED_BY_GSC_WIZARD"
"https://lecturesift.com/ko/quiz-flashcards","Submitted and indexed","PASS","2026-09-26T06:46:58+00:00","2026-10-08T22:00:50.70862+00:00","","","NOT_EXPOSED_BY_GSC_WIZARD"
"https://lecturesift.com/ko/plans","Submitted and indexed","PASS","2026-10-04T10:17:33+00:00","2026-10-08T22:00:50.512549+00:00","","","NOT_EXPOSED_BY_GSC_WIZARD"
"https://lecturesift.com/ko/about","Submitted and indexed","PASS","2026-09-24T08:09:41+00:00","2026-10-08T22:00:50.624552+00:00","","","NOT_EXPOSED_BY_GSC_WIZARD"
"https://lecturesift.com/ko/contact","URL is unknown to Google","NEUTRAL","","2026-10-08T22:00:57.413693+00:00","200","https://lecturesift.com/ko/contact","NOT_EXPOSED_BY_GSC_WIZARD"
"https://lecturesift.com/ko/privacy","Submitted and indexed","PASS","2026-10-06T02:48:40+00:00","2026-10-08T22:00:57.160949+00:00","","","NOT_EXPOSED_BY_GSC_WIZARD"
"https://lecturesift.com/ko/terms","Submitted and indexed","PASS","2026-10-01T14:05:43+00:00","2026-10-08T22:00:57.111443+00:00","","","NOT_EXPOSED_BY_GSC_WIZARD"
"https://lecturesift.com/ko/distance-sales","Submitted and indexed","PASS","2026-09-27T18:59:45+00:00","2026-10-08T22:00:57.299698+00:00","","","NOT_EXPOSED_BY_GSC_WIZARD"
"https://lecturesift.com/ko/cookies","Submitted and indexed","PASS","2026-09-30T05:40:12+00:00","2026-10-08T22:00:57.38211+00:00","","","NOT_EXPOSED_BY_GSC_WIZARD"
"https://lecturesift.com/ko/refund","Submitted and indexed","PASS","2026-09-26T05:09:50+00:00","2026-10-08T22:01:03.882154+00:00","","","NOT_EXPOSED_BY_GSC_WIZARD"
"https://lecturesift.com/hi/","Submitted and indexed","PASS","2026-08-29T09:11:53+00:00","2026-10-08T22:01:03.756429+00:00","","","NOT_EXPOSED_BY_GSC_WIZARD"
"https://lecturesift.com/hi/features","Submitted and indexed","PASS","2026-09-22T19:17:55+00:00","2026-10-08T22:01:04.077581+00:00","","","NOT_EXPOSED_BY_GSC_WIZARD"
"https://lecturesift.com/hi/document-summary","Submitted and indexed","PASS","2026-09-11T21:59:50+00:00","2026-10-08T22:01:03.955925+00:00","","","NOT_EXPOSED_BY_GSC_WIZARD"
"https://lecturesift.com/hi/lecture-video-summary","Discovered - currently not indexed","NEUTRAL","","2026-10-08T22:01:04.127446+00:00","200","https://lecturesift.com/hi/lecture-video-summary","NOT_EXPOSED_BY_GSC_WIZARD"
"https://lecturesift.com/hi/quiz-flashcards","Submitted and indexed","PASS","2026-09-11T11:22:46+00:00","2026-10-08T22:01:11.839175+00:00","","","NOT_EXPOSED_BY_GSC_WIZARD"
"https://lecturesift.com/hi/plans","Submitted and indexed","PASS","2026-09-14T21:35:59+00:00","2026-10-08T22:01:11.881635+00:00","","","NOT_EXPOSED_BY_GSC_WIZARD"
"https://lecturesift.com/hi/about","Submitted and indexed","PASS","2026-09-16T23:56:23+00:00","2026-10-08T22:01:11.796598+00:00","","","NOT_EXPOSED_BY_GSC_WIZARD"
"https://lecturesift.com/hi/contact","Submitted and indexed","PASS","2026-08-30T00:26:41+00:00","2026-10-08T22:01:11.946843+00:00","","","NOT_EXPOSED_BY_GSC_WIZARD"
"https://lecturesift.com/hi/privacy","Submitted and indexed","PASS","2026-09-14T06:03:04+00:00","2026-10-08T22:01:11.710059+00:00","","","NOT_EXPOSED_BY_GSC_WIZARD"
"https://lecturesift.com/hi/terms","Submitted and indexed","PASS","2026-09-14T13:59:20+00:00","2026-10-08T22:01:18.369089+00:00","","","NOT_EXPOSED_BY_GSC_WIZARD"
"https://lecturesift.com/hi/distance-sales","Submitted and indexed","PASS","2026-09-15T06:59:08+00:00","2026-10-08T22:01:18.483518+00:00","","","NOT_EXPOSED_BY_GSC_WIZARD"
"https://lecturesift.com/hi/cookies","Submitted and indexed","PASS","2026-09-17T09:03:20+00:00","2026-10-08T22:01:18.529401+00:00","","","NOT_EXPOSED_BY_GSC_WIZARD"
"https://lecturesift.com/hi/refund","Submitted and indexed","PASS","2026-09-14T00:18:57+00:00","2026-10-08T22:01:18.524145+00:00","","","NOT_EXPOSED_BY_GSC_WIZARD"
"https://lecturesift.com/study-guides","Submitted and indexed","PASS","2026-09-26T17:28:30+00:00","2026-10-08T21:46:37.783772+00:00","","","NOT_EXPOSED_BY_GSC_WIZARD"
"https://lecturesift.com/en/study-guides","Submitted and indexed","PASS","2026-09-20T02:26:05+00:00","2026-10-08T21:46:37.800352+00:00","","","NOT_EXPOSED_BY_GSC_WIZARD"
"https://lecturesift.com/study-pack-example","Submitted and indexed","PASS","2026-10-03T02:57:54+00:00","2026-10-08T22:01:18.811651+00:00","","","NOT_EXPOSED_BY_GSC_WIZARD"
"https://lecturesift.com/en/study-pack-example","Submitted and indexed","PASS","2026-09-20T06:14:42+00:00","2026-10-08T22:01:25.011632+00:00","","","NOT_EXPOSED_BY_GSC_WIZARD"
"https://lecturesift.com/check-ai-notes","Submitted and indexed","PASS","2026-09-20T10:48:20+00:00","2026-10-08T22:01:24.99261+00:00","","","NOT_EXPOSED_BY_GSC_WIZARD"
"https://lecturesift.com/en/check-ai-notes","Submitted and indexed","PASS","2026-09-20T06:55:15+00:00","2026-10-08T22:01:25.324851+00:00","","","NOT_EXPOSED_BY_GSC_WIZARD"
"https://lecturesift.com/active-recall","Submitted and indexed","PASS","2026-09-25T22:40:04+00:00","2026-10-08T21:46:24.378135+00:00","","","NOT_EXPOSED_BY_GSC_WIZARD"
"https://lecturesift.com/en/active-recall","Submitted and indexed","PASS","2026-09-20T06:57:05+00:00","2026-10-08T21:46:30.801564+00:00","","","NOT_EXPOSED_BY_GSC_WIZARD"
"https://lecturesift.com/about-study-guides","Submitted and indexed","PASS","2026-09-25T15:03:03+00:00","2026-10-08T22:01:25.319186+00:00","","","NOT_EXPOSED_BY_GSC_WIZARD"
"https://lecturesift.com/en/about-study-guides","Submitted and indexed","PASS","2026-09-25T18:10:52+00:00","2026-10-08T22:01:25.692609+00:00","","","NOT_EXPOSED_BY_GSC_WIZARD"
"https://lecturesift.com/cornell-notes","Submitted and indexed","PASS","2026-09-26T12:16:07+00:00","2026-10-08T21:46:24.433362+00:00","","","NOT_EXPOSED_BY_GSC_WIZARD"
"https://lecturesift.com/en/cornell-notes","Submitted and indexed","PASS","2026-09-25T13:03:59+00:00","2026-10-08T21:46:24.576855+00:00","","","NOT_EXPOSED_BY_GSC_WIZARD"
"https://lecturesift.com/pdf-note-check","URL is unknown to Google","NEUTRAL","","2026-10-08T22:01:32.408162+00:00","200","https://lecturesift.com/pdf-note-check","NOT_EXPOSED_BY_GSC_WIZARD"
"https://lecturesift.com/en/pdf-note-check","URL is unknown to Google","NEUTRAL","","2026-10-08T22:01:31.642499+00:00","200","https://lecturesift.com/en/pdf-note-check","NOT_EXPOSED_BY_GSC_WIZARD"
